"date","topic","count"
"2024-09-01","Bacterial Genetics and Biotechnology","4"
"2024-09-01","CRISPR and Genetic Engineering","1"
"2024-09-01","Enzyme Structure and Function","1"
"2024-09-01","Genomics and Chromatin Dynamics","1"
"2024-09-01","Genomics and Phylogenetic Studies","1"
"2024-09-01","Plant-Microbe Interactions and Immunity","1"
"2024-09-01","RNA and protein synthesis mechanisms","3"
"2024-09-02","Advanced biosensing and bioanalysis techniques","1"
"2024-09-02","Bacterial Genetics and Biotechnology","4"
"2024-09-02","Bacteriophages and microbial interactions","1"
"2024-09-02","Biochemical and Molecular Research","1"
"2024-09-02","Genomics and Phylogenetic Studies","1"
"2024-09-02","Lipid Membrane Structure and Behavior","1"
"2024-09-02","Protein Structure and Dynamics","1"
"2024-09-02","RNA and protein synthesis mechanisms","2"
"2024-09-03","Bacterial Genetics and Biotechnology","13"
"2024-09-03","Bacterial biofilms and quorum sensing","3"
"2024-09-03","Bacteriophages and microbial interactions","2"
"2024-09-03","DNA Repair Mechanisms","1"
"2024-09-03","Enzyme Structure and Function","2"
"2024-09-03","Genomics and Phylogenetic Studies","1"
"2024-09-03","Microbial Community Ecology and Physiology","1"
"2024-09-03","Photosynthetic Processes and Mechanisms","1"
"2024-09-03","Plant Pathogenic Bacteria Studies","1"
"2024-09-03","Protein Structure and Dynamics","2"
"2024-09-03","RNA and protein synthesis mechanisms","1"
"2024-09-03","Streptococcal Infections and Treatments","1"
"2024-09-03","Toxin Mechanisms and Immunotoxins","1"
"2024-09-04","Amino Acid Enzymes and Metabolism","1"
"2024-09-04","Bacterial Genetics and Biotechnology","3"
"2024-09-04","Bacteriophages and microbial interactions","2"
"2024-09-04","Escherichia coli research studies","1"
"2024-09-04","Microbial Metabolic Engineering and Bioproduction","1"
"2024-09-04","RNA and protein synthesis mechanisms","1"
"2024-09-05","Amino Acid Enzymes and Metabolism","1"
"2024-09-05","Bacterial Genetics and Biotechnology","3"
"2024-09-05","Escherichia coli research studies","1"
"2024-09-05","Microbial Metabolic Engineering and Bioproduction","1"
"2024-09-05","RNA and protein synthesis mechanisms","1"
"2024-09-05","Tuberculosis Research and Epidemiology","1"
"2024-09-06","Bacterial Genetics and Biotechnology","1"
"2024-09-07","Bacterial Genetics and Biotechnology","1"
"2024-09-07","Enzyme Structure and Function","1"
"2024-09-07","RNA and protein synthesis mechanisms","1"
"2024-09-08","Antibiotic Resistance in Bacteria","1"
"2024-09-08","Bacterial Genetics and Biotechnology","3"
"2024-09-08","Bacterial biofilms and quorum sensing","1"
"2024-09-08","Bacteriophages and microbial interactions","1"
"2024-09-08","DNA Repair Mechanisms","1"
"2024-09-08","RNA and protein synthesis mechanisms","1"
"2024-09-08","RNA modifications and cancer","1"
"2024-09-09","Bacterial Genetics and Biotechnology","2"
"2024-09-09","Enzyme Structure and Function","1"
"2024-09-09","Escherichia coli research studies","1"
"2024-09-09","Evolution and Genetic Dynamics","1"
"2024-09-09","RNA and protein synthesis mechanisms","1"
"2024-09-11","Bacterial Genetics and Biotechnology","13"
"2024-09-11","Bacteriophages and microbial interactions","12"
"2024-09-11","Probiotics and Fermented Foods","3"
"2024-09-11","Protein Structure and Dynamics","3"
"2024-09-11","RNA and protein synthesis mechanisms","2"
"2024-09-11","RNA regulation and disease","1"
"2024-09-11","T-cell and B-cell Immunology","1"
"2024-09-11","Vibrio bacteria research studies","1"
"2024-09-12","Bacterial Genetics and Biotechnology","7"
"2024-09-12","Bacteriophages and microbial interactions","1"
"2024-09-12","DNA Repair Mechanisms","1"
"2024-09-12","Enzyme Structure and Function","3"
"2024-09-12","Escherichia coli research studies","1"
"2024-09-12","Gut microbiota and health","1"
"2024-09-12","Microbial Community Ecology and Physiology","1"
"2024-09-12","Microbial Metabolic Engineering and Bioproduction","1"
"2024-09-12","Microbial bioremediation and biosurfactants","1"
"2024-09-12","Probiotics and Fermented Foods","1"
"2024-09-12","Protein Structure and Dynamics","3"
"2024-09-13","Bacterial Genetics and Biotechnology","5"
"2024-09-13","Bacterial biofilms and quorum sensing","2"
"2024-09-13","Bacteriophages and microbial interactions","1"
"2024-09-13","CRISPR and Genetic Engineering","1"
"2024-09-13","DNA Repair Mechanisms","1"
"2024-09-13","Escherichia coli research studies","1"
"2024-09-13","Evolution and Genetic Dynamics","1"
"2024-09-13","Lipid Membrane Structure and Behavior","1"
"2024-09-13","Vibrio bacteria research studies","2"
"2024-09-14","Bacterial Genetics and Biotechnology","2"
"2024-09-14","Escherichia coli research studies","1"
"2024-09-14","Protein Structure and Dynamics","1"
"2024-09-14","RNA and protein synthesis mechanisms","2"
"2024-09-16","Bacterial Genetics and Biotechnology","3"
"2024-09-16","Bacteriophages and microbial interactions","2"
"2024-09-16","CRISPR and Genetic Engineering","1"
"2024-09-16","Plant Pathogenic Bacteria Studies","1"
"2024-09-16","RNA and protein synthesis mechanisms","2"
"2024-09-17","Bacterial Genetics and Biotechnology","6"
"2024-09-17","Bacteriophages and microbial interactions","3"
"2024-09-17","CRISPR and Genetic Engineering","1"
"2024-09-17","Enzyme Structure and Function","1"
"2024-09-17","Microbial Metabolic Engineering and Bioproduction","1"
"2024-09-17","Protein Structure and Dynamics","2"
"2024-09-17","RNA and protein synthesis mechanisms","2"
"2024-09-18","Bacterial Genetics and Biotechnology","5"
"2024-09-18","Bacterial biofilms and quorum sensing","2"
"2024-09-18","Bacteriophages and microbial interactions","1"
"2024-09-18","Cancer therapeutics and mechanisms","1"
"2024-09-18","Chemical Synthesis and Analysis","1"
"2024-09-18","Escherichia coli research studies","1"
"2024-09-18","RNA Research and Splicing","1"
"2024-09-18","RNA and protein synthesis mechanisms","3"
"2024-09-19","Bacterial Genetics and Biotechnology","5"
"2024-09-19","Bacterial biofilms and quorum sensing","1"
"2024-09-19","Bacteriophages and microbial interactions","1"
"2024-09-19","Biochemical and Structural Characterization","1"
"2024-09-19","Evolution and Genetic Dynamics","1"
"2024-09-19","Gut microbiota and health","1"
"2024-09-19","Microbial Community Ecology and Physiology","2"
"2024-09-19","RNA and protein synthesis mechanisms","1"
"2024-09-20","Bacterial Genetics and Biotechnology","1"
"2024-09-20","Protein Structure and Dynamics","1"
"2024-09-20","RNA and protein synthesis mechanisms","1"
"2024-09-22","Antibiotic Resistance in Bacteria","1"
"2024-09-22","Bacterial Genetics and Biotechnology","1"
"2024-09-22","Bacterial biofilms and quorum sensing","1"
"2024-09-23","Bacterial Genetics and Biotechnology","3"
"2024-09-23","Bacterial biofilms and quorum sensing","1"
"2024-09-23","Bacteriophages and microbial interactions","1"
"2024-09-23","Biochemical and Structural Characterization","1"
"2024-09-23","Enzyme Structure and Function","1"
"2024-09-23","Lipid Membrane Structure and Behavior","1"
"2024-09-23","RNA and protein synthesis mechanisms","1"
"2024-09-24","Advanced Proteomics Techniques and Applications","1"
"2024-09-24","Bacterial Genetics and Biotechnology","4"
"2024-09-24","Bacterial Infections and Vaccines","1"
"2024-09-24","Enzyme Structure and Function","1"
"2024-09-24","Microbial Fuel Cells and Bioremediation","1"
"2024-09-24","Nanopore and Nanochannel Transport Studies","1"
"2024-09-24","Origins and Evolution of Life","1"
"2024-09-24","Protein Structure and Dynamics","1"
"2024-09-24","RNA and protein synthesis mechanisms","1"
"2024-09-25","Antibiotic Resistance in Bacteria","1"
"2024-09-25","Bacterial Genetics and Biotechnology","3"
"2024-09-25","Bacterial biofilms and quorum sensing","1"
"2024-09-25","Bacteriophages and microbial interactions","1"
"2024-09-25","Mycobacterium research and diagnosis","1"
"2024-09-25","RNA and protein synthesis mechanisms","1"
"2024-09-25","RNA modifications and cancer","1"
"2024-09-26","Bacterial Genetics and Biotechnology","2"
"2024-09-26","Genomics and Chromatin Dynamics","1"
"2024-09-26","RNA and protein synthesis mechanisms","1"
"2024-09-26","Vibrio bacteria research studies","1"
"2024-09-26","Yersinia bacterium, plague, ectoparasites research","1"
"2024-09-27","Bacterial Genetics and Biotechnology","2"
"2024-09-27","Bacterial biofilms and quorum sensing","1"
"2024-09-27","Probiotics and Fermented Foods","1"
"2024-09-27","Protein Structure and Dynamics","1"
"2024-09-27","RNA and protein synthesis mechanisms","1"
"2024-09-30","Antibiotic Resistance in Bacteria","1"
"2024-09-30","Bacterial Genetics and Biotechnology","4"
"2024-09-30","Bacteriophages and microbial interactions","1"
"2024-09-30","Biochemical and Structural Characterization","1"
"2024-09-30","Cell Image Analysis Techniques","1"
"2024-09-30","Lipid Membrane Structure and Behavior","1"
"2024-09-30","Microbial Community Ecology and Physiology","1"
"2024-09-30","Viral Infectious Diseases and Gene Expression in Insects","1"
"2024-09-30","Yersinia bacterium, plague, ectoparasites research","1"
"2024-10-01","Bacterial Genetics and Biotechnology","5"
"2024-10-01","Bacterial biofilms and quorum sensing","1"
"2024-10-01","Bacteriophages and microbial interactions","4"
"2024-10-01","Biochemical and Structural Characterization","1"
"2024-10-01","Genomics and Phylogenetic Studies","1"
"2024-10-01","Lipid Membrane Structure and Behavior","1"
"2024-10-01","Protein Structure and Dynamics","1"
"2024-10-01","RNA and protein synthesis mechanisms","1"
"2024-10-02","Antimicrobial Resistance in Staphylococcus","1"
"2024-10-02","Bacterial Genetics and Biotechnology","2"
"2024-10-02","Bacteriophages and microbial interactions","1"
"2024-10-02","Gene Regulatory Network Analysis","1"
"2024-10-02","Photoreceptor and optogenetics research","1"
"2024-10-03","Antibiotic Resistance in Bacteria","2"
"2024-10-03","Bacterial Genetics and Biotechnology","4"
"2024-10-03","Escherichia coli research studies","2"
"2024-10-03","Evolution and Genetic Dynamics","1"
"2024-10-03","Protein Structure and Dynamics","1"
"2024-10-03","RNA and protein synthesis mechanisms","2"
"2024-10-04","Bacterial Genetics and Biotechnology","2"
"2024-10-04","CRISPR and Genetic Engineering","1"
"2024-10-04","Protein Structure and Dynamics","1"
"2024-10-04","RNA and protein synthesis mechanisms","2"
"2024-10-08","Antibiotic Resistance in Bacteria","2"
"2024-10-08","Bacterial Genetics and Biotechnology","2"
"2024-10-08","Bacterial biofilms and quorum sensing","1"
"2024-10-08","Clostridium difficile and Clostridium perfringens research","1"
"2024-10-09","Bacterial Genetics and Biotechnology","1"
"2024-10-09","Probiotics and Fermented Foods","1"
"2024-10-09","RNA and protein synthesis mechanisms","1"
"2024-10-10","Antibiotic Resistance in Bacteria","1"
"2024-10-10","Bacterial Genetics and Biotechnology","2"
"2024-10-10","Bacteriophages and microbial interactions","1"
"2024-10-10","DNA Repair Mechanisms","1"
"2024-10-10","Genomics and Chromatin Dynamics","1"
"2024-10-11","Bacterial Genetics and Biotechnology","2"
"2024-10-11","Bacterial Identification and Susceptibility Testing","1"
"2024-10-11","Escherichia coli research studies","1"
"2024-10-11","Evolution and Genetic Dynamics","1"
"2024-10-11","Microbial Metabolic Engineering and Bioproduction","1"
"2024-10-12","Bacterial Genetics and Biotechnology","1"
"2024-10-12","DNA Repair Mechanisms","1"
"2024-10-12","RNA and protein synthesis mechanisms","1"
"2024-10-14","Bacterial Genetics and Biotechnology","1"
"2024-10-15","Bacterial Genetics and Biotechnology","2"
"2024-10-15","Bacteriophages and microbial interactions","1"
"2024-10-15","Enzyme Structure and Function","1"
"2024-10-16","Bacterial Genetics and Biotechnology","2"
"2024-10-16","Bacteriophages and microbial interactions","1"
"2024-10-16","Microbial Metabolic Engineering and Bioproduction","1"
"2024-10-16","RNA and protein synthesis mechanisms","2"
"2024-10-17","Bacterial Genetics and Biotechnology","5"
"2024-10-17","Bacteriophages and microbial interactions","2"
"2024-10-17","CRISPR and Genetic Engineering","2"
"2024-10-17","Enzyme Production and Characterization","1"
"2024-10-17","Escherichia coli research studies","1"
"2024-10-17","Genomics and Phylogenetic Studies","1"
"2024-10-17","Machine Learning in Bioinformatics","1"
"2024-10-17","RNA and protein synthesis mechanisms","2"
"2024-10-18","Bacterial Genetics and Biotechnology","5"
"2024-10-18","Bacterial biofilms and quorum sensing","1"
"2024-10-18","CRISPR and Genetic Engineering","1"
"2024-10-18","Evolution and Genetic Dynamics","1"
"2024-10-18","Gene Regulatory Network Analysis","1"
"2024-10-18","Genomics and Phylogenetic Studies","1"
"2024-10-18","Innovative Microfluidic and Catalytic Techniques Innovation","1"
"2024-10-18","Mycobacterium research and diagnosis","1"
"2024-10-18","Protein purification and stability","1"
"2024-10-20","Bacterial Genetics and Biotechnology","1"
"2024-10-20","Bacterial biofilms and quorum sensing","1"
"2024-10-20","Microbial Community Ecology and Physiology","1"
"2024-10-21","Bacterial Genetics and Biotechnology","2"
"2024-10-21","Enzyme Production and Characterization","1"
"2024-10-21","Escherichia coli research studies","1"
"2024-10-21","RNA and protein synthesis mechanisms","2"
"2024-10-23","Bacterial Genetics and Biotechnology","6"
"2024-10-23","Bacteriophages and microbial interactions","4"
"2024-10-23","Cancer Research and Treatments","1"
"2024-10-23","Enzyme Structure and Function","1"
"2024-10-23","Iron Metabolism and Disorders","1"
"2024-10-23","RNA and protein synthesis mechanisms","5"
"2024-10-24","Antimicrobial Peptides and Activities","1"
"2024-10-24","Bacterial Genetics and Biotechnology","1"
"2024-10-24","Bacterial biofilms and quorum sensing","1"
"2024-10-25","Bacterial Genetics and Biotechnology","2"
"2024-10-25","Bacteriophages and microbial interactions","1"
"2024-10-25","Microbial Community Ecology and Physiology","1"
"2024-10-25","Microbial Metabolic Engineering and Bioproduction","1"
"2024-10-25","RNA and protein synthesis mechanisms","1"
"2024-10-26","Bacterial Genetics and Biotechnology","2"
"2024-10-26","Escherichia coli research studies","1"
"2024-10-26","Microbial Inactivation Methods","1"
"2024-10-26","Protein Structure and Dynamics","1"
"2024-10-26","RNA and protein synthesis mechanisms","1"
"2024-10-28","Bacterial Genetics and Biotechnology","2"
"2024-10-28","Escherichia coli research studies","1"
"2024-10-28","Genomics and Phylogenetic Studies","1"
"2024-10-28","Microbial Metabolic Engineering and Bioproduction","1"
"2024-10-28","Protist diversity and phylogeny","1"
"2024-10-29","Bacterial Genetics and Biotechnology","4"
"2024-10-29","Bacterial biofilms and quorum sensing","2"
"2024-10-29","Bacteriophages and microbial interactions","2"
"2024-10-29","Cancer Research and Treatments","1"
"2024-10-29","Evolution and Genetic Dynamics","1"
"2024-10-29","Microbial Metabolic Engineering and Bioproduction","1"
"2024-10-29","Vibrio bacteria research studies","1"
"2024-10-30","Bacterial Genetics and Biotechnology","4"
"2024-10-30","Bacteriophages and microbial interactions","1"
"2024-10-30","Lipid Membrane Structure and Behavior","2"
"2024-10-30","Microbial Metabolic Engineering and Bioproduction","1"
"2024-10-30","Protein Structure and Dynamics","1"
"2024-10-30","RNA and protein synthesis mechanisms","1"
"2024-10-30","Vibrio bacteria research studies","1"
"2024-10-31","Bacterial Genetics and Biotechnology","3"
"2024-10-31","Bacteriophages and microbial interactions","1"
"2024-10-31","CRISPR and Genetic Engineering","1"
"2024-10-31","Glycosylation and Glycoproteins Research","1"
"2024-10-31","Monoclonal and Polyclonal Antibodies Research","1"
"2024-10-31","RNA and protein synthesis mechanisms","1"
"2024-10-31","Vibrio bacteria research studies","1"
"2024-11-01","Antibiotic Resistance in Bacteria","3"
"2024-11-01","Bacterial Genetics and Biotechnology","14"
"2024-11-01","Bacterial biofilms and quorum sensing","2"
"2024-11-01","Bacteriophages and microbial interactions","2"
"2024-11-01","CRISPR and Genetic Engineering","1"
"2024-11-01","Cancer Research and Treatments","1"
"2024-11-01","Enzyme Structure and Function","3"
"2024-11-01","Escherichia coli research studies","1"
"2024-11-01","Evolution and Genetic Dynamics","2"
"2024-11-01","Gene Regulatory Network Analysis","2"
"2024-11-01","Genomics and Phylogenetic Studies","1"
"2024-11-01","Microbial Metabolic Engineering and Bioproduction","2"
"2024-11-01","Origins and Evolution of Life","1"
"2024-11-01","Plant Pathogenic Bacteria Studies","1"
"2024-11-01","Plant and Biological Electrophysiology Studies","1"
"2024-11-01","Plant-Microbe Interactions and Immunity","1"
"2024-11-01","Protein Structure and Dynamics","1"
"2024-11-01","RNA and protein synthesis mechanisms","2"
"2024-11-01","Vibrio bacteria research studies","1"
"2024-11-03","Bacterial Genetics and Biotechnology","2"
"2024-11-03","DNA Repair Mechanisms","1"
"2024-11-03","Enzyme Structure and Function","1"
"2024-11-03","Genomics and Phylogenetic Studies","1"
"2024-11-03","Photosynthetic Processes and Mechanisms","1"
"2024-11-04","Bacterial Genetics and Biotechnology","4"
"2024-11-04","Bacteriophages and microbial interactions","1"
"2024-11-04","Biochemical and Molecular Research","1"
"2024-11-04","Metal Extraction and Bioleaching","1"
"2024-11-04","Microbial Fuel Cells and Bioremediation","1"
"2024-11-04","Protein Structure and Dynamics","1"
"2024-11-04","RNA and protein synthesis mechanisms","1"
"2024-11-05","Bacterial Genetics and Biotechnology","2"
"2024-11-05","Bacterial biofilms and quorum sensing","1"
"2024-11-05","Protein Structure and Dynamics","1"
"2024-11-08","Bacterial Genetics and Biotechnology","4"
"2024-11-08","Bacteriophages and microbial interactions","2"
"2024-11-08","Escherichia coli research studies","1"
"2024-11-08","Lipid Membrane Structure and Behavior","1"
"2024-11-08","Photoreceptor and optogenetics research","1"
"2024-11-08","RNA and protein synthesis mechanisms","3"
"2024-11-11","Bacterial Genetics and Biotechnology","2"
"2024-11-11","Bacterial biofilms and quorum sensing","1"
"2024-11-11","Clostridium difficile and Clostridium perfringens research","1"
"2024-11-11","Vibrio bacteria research studies","2"
"2024-11-12","Bacterial Genetics and Biotechnology","2"
"2024-11-12","Bacteriophages and microbial interactions","1"
"2024-11-12","Escherichia coli research studies","1"
"2024-11-12","Probiotics and Fermented Foods","1"
"2024-11-12","Vibrio bacteria research studies","1"
"2024-11-13","Antibiotic Resistance in Bacteria","1"
"2024-11-13","Bacterial Genetics and Biotechnology","3"
"2024-11-13","Bacterial biofilms and quorum sensing","2"
"2024-11-13","Bacteriophages and microbial interactions","1"
"2024-11-13","Gene Regulatory Network Analysis","1"
"2024-11-13","Microbial Metabolic Engineering and Bioproduction","1"
"2024-11-14","Antibiotic Resistance in Bacteria","1"
"2024-11-14","Bacterial Genetics and Biotechnology","3"
"2024-11-14","Endoplasmic Reticulum Stress and Disease","1"
"2024-11-14","Escherichia coli research studies","1"
"2024-11-14","Lipid Membrane Structure and Behavior","2"
"2024-11-14","RNA and protein synthesis mechanisms","1"
"2024-11-15","Antibiotic Resistance in Bacteria","1"
"2024-11-15","Bacterial Genetics and Biotechnology","3"
"2024-11-15","Genomics and Phylogenetic Studies","1"
"2024-11-15","Photosynthetic Processes and Mechanisms","1"
"2024-11-15","Protist diversity and phylogeny","1"
"2024-11-15","RNA and protein synthesis mechanisms","1"
"2024-11-15","Vibrio bacteria research studies","1"
"2024-11-16","Bacterial Genetics and Biotechnology","1"
"2024-11-16","Gene Regulatory Network Analysis","1"
"2024-11-16","Microbial Metabolic Engineering and Bioproduction","1"
"2024-11-17","Bacterial Genetics and Biotechnology","2"
"2024-11-17","Enzyme Structure and Function","1"
"2024-11-17","RNA and protein synthesis mechanisms","1"
"2024-11-17","RNA modifications and cancer","1"
"2024-11-17","Vibrio bacteria research studies","1"
"2024-11-18","Bacterial Genetics and Biotechnology","1"
"2024-11-18","Escherichia coli research studies","1"
"2024-11-18","RNA and protein synthesis mechanisms","1"
"2024-11-19","Bacterial Genetics and Biotechnology","1"
"2024-11-19","CRISPR and Genetic Engineering","1"
"2024-11-19","Enzyme Structure and Function","1"
"2024-11-20","Bacterial Genetics and Biotechnology","6"
"2024-11-20","Bacterial biofilms and quorum sensing","1"
"2024-11-20","Enzyme Structure and Function","1"
"2024-11-20","Genomics and Phylogenetic Studies","1"
"2024-11-20","Glycosylation and Glycoproteins Research","1"
"2024-11-20","Protein Structure and Dynamics","2"
"2024-11-20","RNA and protein synthesis mechanisms","4"
"2024-11-20","Single-cell and spatial transcriptomics","1"
"2024-11-21","Bacterial Genetics and Biotechnology","1"
"2024-11-21","Bacterial biofilms and quorum sensing","1"
"2024-11-21","Photosynthetic Processes and Mechanisms","1"
"2024-11-22","Bacterial Genetics and Biotechnology","5"
"2024-11-22","Bacteriophages and microbial interactions","2"
"2024-11-22","DNA Repair Mechanisms","1"
"2024-11-22","Escherichia coli research studies","1"
"2024-11-22","GABA and Rice Research","1"
"2024-11-22","Genomics and Phylogenetic Studies","1"
"2024-11-22","Probiotics and Fermented Foods","1"
"2024-11-22","Protist diversity and phylogeny","1"
"2024-11-22","RNA and protein synthesis mechanisms","2"
"2024-11-24","Bacterial Genetics and Biotechnology","2"
"2024-11-24","Biochemical and Structural Characterization","1"
"2024-11-24","Glycosylation and Glycoproteins Research","1"
"2024-11-24","Microbial Metabolic Engineering and Bioproduction","1"
"2024-11-24","Protein Structure and Dynamics","1"
"2024-11-25","Bacterial Genetics and Biotechnology","1"
"2024-11-25","DNA and Nucleic Acid Chemistry","1"
"2024-11-25","Nanopore and Nanochannel Transport Studies","1"
"2024-11-26","Bacterial Genetics and Biotechnology","4"
"2024-11-26","Bacteriophages and microbial interactions","1"
"2024-11-26","Enzyme Production and Characterization","1"
"2024-11-26","Glycosylation and Glycoproteins Research","1"
"2024-11-26","RNA Research and Splicing","1"
"2024-11-26","RNA and protein synthesis mechanisms","2"
"2024-11-27","Bacterial Genetics and Biotechnology","2"
"2024-11-27","Bacterial biofilms and quorum sensing","1"
"2024-11-27","Bacteriophages and microbial interactions","1"
"2024-11-27","Genomics and Phylogenetic Studies","1"
"2024-11-27","Microbial Natural Products and Biosynthesis","1"
"2024-11-28","Bacterial Genetics and Biotechnology","1"
"2024-11-28","Cellular transport and secretion","1"
"2024-11-28","Endoplasmic Reticulum Stress and Disease","1"
"2024-11-29","Bacterial Genetics and Biotechnology","3"
"2024-11-29","Biofuel production and bioconversion","1"
"2024-11-29","Enzyme Structure and Function","1"
"2024-11-29","Gene Regulatory Network Analysis","1"
"2024-11-29","Genomics and Phylogenetic Studies","1"
"2024-11-29","Microbial Metabolic Engineering and Bioproduction","1"
"2024-11-29","Photosynthetic Processes and Mechanisms","1"
"2024-12-01","Antibiotic Resistance in Bacteria","2"
"2024-12-01","Arsenic contamination and mitigation","1"
"2024-12-01","Bacterial Genetics and Biotechnology","5"
"2024-12-01","Bacterial biofilms and quorum sensing","1"
"2024-12-01","Bacteriophages and microbial interactions","2"
"2024-12-01","Escherichia coli research studies","1"
"2024-12-01","Microbial Community Ecology and Physiology","1"
"2024-12-01","RNA and protein synthesis mechanisms","2"
"2024-12-02","Bacterial Genetics and Biotechnology","4"
"2024-12-02","Bacterial biofilms and quorum sensing","1"
"2024-12-02","Biofuel production and bioconversion","1"
"2024-12-02","Cancer Research and Treatments","1"
"2024-12-02","Escherichia coli research studies","1"
"2024-12-02","Evolution and Genetic Dynamics","1"
"2024-12-02","Gene Regulatory Network Analysis","1"
"2024-12-02","Protein Structure and Dynamics","1"
"2024-12-02","Vibrio bacteria research studies","1"
"2024-12-03","Bacterial Genetics and Biotechnology","1"
"2024-12-03","Enzyme Structure and Function","1"
"2024-12-03","Trace Elements in Health","1"
"2024-12-04","Bacterial Genetics and Biotechnology","3"
"2024-12-04","Bacterial biofilms and quorum sensing","1"
"2024-12-04","Bacteriophages and microbial interactions","1"
"2024-12-04","Glycosylation and Glycoproteins Research","2"
"2024-12-04","RNA and protein synthesis mechanisms","2"
"2024-12-05","Antibiotic Resistance in Bacteria","1"
"2024-12-05","Bacterial Genetics and Biotechnology","3"
"2024-12-05","Bacteriophages and microbial interactions","1"
"2024-12-05","Genomics and Phylogenetic Studies","2"
"2024-12-05","Legume Nitrogen Fixing Symbiosis","1"
"2024-12-05","RNA and protein synthesis mechanisms","1"
"2024-12-06","Bacterial Genetics and Biotechnology","2"
"2024-12-06","Bacteriophages and microbial interactions","1"
"2024-12-06","Genomics and Phylogenetic Studies","1"
"2024-12-06","Microbial Metabolic Engineering and Bioproduction","1"
"2024-12-06","RNA and protein synthesis mechanisms","1"
"2024-12-09","Bacterial Genetics and Biotechnology","2"
"2024-12-09","Bacteriophages and microbial interactions","1"
"2024-12-09","CRISPR and Genetic Engineering","1"
"2024-12-11","Antibiotic Resistance in Bacteria","1"
"2024-12-11","Bacterial Genetics and Biotechnology","1"
"2024-12-11","Gut microbiota and health","1"
"2024-12-12","Bacterial Genetics and Biotechnology","2"
"2024-12-12","Bacterial biofilms and quorum sensing","1"
"2024-12-12","Fungal and yeast genetics research","1"
"2024-12-12","Genomics and Phylogenetic Studies","1"
"2024-12-12","RNA and protein synthesis mechanisms","1"
"2024-12-13","Antibiotic Resistance in Bacteria","1"
"2024-12-13","Bacterial Genetics and Biotechnology","6"
"2024-12-13","Bacteriophages and microbial interactions","2"
"2024-12-13","CRISPR and Genetic Engineering","1"
"2024-12-13","Clostridium difficile and Clostridium perfringens research","1"
"2024-12-13","Escherichia coli research studies","1"
"2024-12-13","Microbial Metabolic Engineering and Bioproduction","1"
"2024-12-13","Probiotics and Fermented Foods","1"
"2024-12-13","RNA and protein synthesis mechanisms","3"
"2024-12-13","Vibrio bacteria research studies","1"
"2024-12-16","Antibiotic Resistance in Bacteria","1"
"2024-12-16","Bacterial Genetics and Biotechnology","2"
"2024-12-16","Bacterial biofilms and quorum sensing","1"
"2024-12-16","Enzyme Structure and Function","1"
"2024-12-16","RNA and protein synthesis mechanisms","1"
"2024-12-17","Bacterial Genetics and Biotechnology","1"
"2024-12-17","Cellular transport and secretion","1"
"2024-12-17","Monoclonal and Polyclonal Antibodies Research","1"
"2024-12-18","Antibiotic Resistance in Bacteria","1"
"2024-12-18","Bacterial Genetics and Biotechnology","2"
"2024-12-18","DNA Repair Mechanisms","1"
"2024-12-18","DNA and Nucleic Acid Chemistry","1"
"2024-12-19","Antibiotic Resistance in Bacteria","1"
"2024-12-19","Bacterial Genetics and Biotechnology","3"
"2024-12-19","Bacteriophages and microbial interactions","1"
"2024-12-19","Enzyme Production and Characterization","1"
"2024-12-19","Escherichia coli research studies","1"
"2024-12-19","RNA and protein synthesis mechanisms","2"
"2024-12-20","Bacterial Genetics and Biotechnology","2"
"2024-12-20","Microbial Metabolic Engineering and Bioproduction","1"
"2024-12-20","Microbial Natural Products and Biosynthesis","1"
"2024-12-20","RNA and protein synthesis mechanisms","2"
"2024-12-23","Bacterial Genetics and Biotechnology","6"
"2024-12-23","Bacterial biofilms and quorum sensing","1"
"2024-12-23","Bacteriophages and microbial interactions","4"
"2024-12-23","Cancer Research and Treatments","1"
"2024-12-23","Genomics and Phylogenetic Studies","1"
"2024-12-23","RNA and protein synthesis mechanisms","5"
"2024-12-25","Bacterial Genetics and Biotechnology","2"
"2024-12-25","Cancer Research and Treatments","1"
"2024-12-25","Enzyme Structure and Function","1"
"2024-12-25","Probiotics and Fermented Foods","1"
"2024-12-25","RNA and protein synthesis mechanisms","1"
"2024-12-26","Bacterial Genetics and Biotechnology","2"
"2024-12-26","Bacterial biofilms and quorum sensing","1"
"2024-12-26","Legume Nitrogen Fixing Symbiosis","1"
"2024-12-26","Microbial Community Ecology and Physiology","1"
"2024-12-26","Microbial Metabolic Engineering and Bioproduction","1"
"2024-12-27","Bacterial Genetics and Biotechnology","1"
"2024-12-27","Genomics and Phylogenetic Studies","1"
"2024-12-27","Microbial Community Ecology and Physiology","1"
"2024-12-28","Bacterial Genetics and Biotechnology","1"
"2024-12-28","RNA and protein synthesis mechanisms","1"
"2024-12-28","Viral Infectious Diseases and Gene Expression in Insects","1"
"2024-12-30","Bacterial Genetics and Biotechnology","3"
"2024-12-30","Bacteriophages and microbial interactions","2"
"2024-12-30","Microbial Metabolic Engineering and Bioproduction","1"
"2024-12-30","Protein Structure and Dynamics","1"
"2024-12-30","RNA and protein synthesis mechanisms","2"
"2024-12-31","Bacterial Genetics and Biotechnology","4"
"2024-12-31","CRISPR and Genetic Engineering","1"
"2024-12-31","Escherichia coli research studies","1"
"2024-12-31","Genomics and Phylogenetic Studies","1"
"2024-12-31","Innovative Microfluidic and Catalytic Techniques Innovation","1"
"2024-12-31","Protein purification and stability","1"
"2024-12-31","RNA and protein synthesis mechanisms","3"
"2025-01-01","Amino Acid Enzymes and Metabolism","2"
"2025-01-01","Antibiotic Resistance in Bacteria","5"
"2025-01-01","Bacterial Genetics and Biotechnology","26"
"2025-01-01","Bacterial biofilms and quorum sensing","1"
"2025-01-01","Bacteriophages and microbial interactions","4"
"2025-01-01","CRISPR and Genetic Engineering","2"
"2025-01-01","Escherichia coli research studies","3"
"2025-01-01","Evolution and Genetic Dynamics","2"
"2025-01-01","Genomics and Phylogenetic Studies","8"
"2025-01-01","Microbial Metabolic Engineering and Bioproduction","4"
"2025-01-01","Microbial Natural Products and Biosynthesis","1"
"2025-01-01","Plant Pathogenic Bacteria Studies","1"
"2025-01-01","Polyamine Metabolism and Applications","1"
"2025-01-01","Protein Structure and Dynamics","2"
"2025-01-01","RNA and protein synthesis mechanisms","8"
"2025-01-02","Bacterial Genetics and Biotechnology","2"
"2025-01-02","Bacterial biofilms and quorum sensing","1"
"2025-01-02","CRISPR and Genetic Engineering","1"
"2025-01-02","Gene Regulatory Network Analysis","1"
"2025-01-02","Genomics and Phylogenetic Studies","1"
"2025-01-03","Bacterial Genetics and Biotechnology","1"
"2025-01-03","Evolution and Genetic Dynamics","1"
"2025-01-03","Protein Structure and Dynamics","1"
"2025-01-05","Bacterial Genetics and Biotechnology","1"
"2025-01-05","Bacterial biofilms and quorum sensing","1"
"2025-01-05","Bacteriophages and microbial interactions","1"
"2025-01-06","Bacterial Genetics and Biotechnology","4"
"2025-01-06","Bacteriophages and microbial interactions","2"
"2025-01-06","Genomics and Phylogenetic Studies","1"
"2025-01-06","Microbial Natural Products and Biosynthesis","1"
"2025-01-06","RNA and protein synthesis mechanisms","4"
"2025-01-07","Animal Genetics and Reproduction","1"
"2025-01-07","Bacterial Genetics and Biotechnology","4"
"2025-01-07","CRISPR and Genetic Engineering","1"
"2025-01-07","Microbial Metabolic Engineering and Bioproduction","2"
"2025-01-07","RNA and protein synthesis mechanisms","2"
"2025-01-08","Bacterial Genetics and Biotechnology","4"
"2025-01-08","Bacteriophages and microbial interactions","2"
"2025-01-08","CRISPR and Genetic Engineering","1"
"2025-01-08","DNA Repair Mechanisms","1"
"2025-01-08","Enzyme Structure and Function","1"
"2025-01-08","Genomics and Chromatin Dynamics","1"
"2025-01-08","RNA and protein synthesis mechanisms","2"
"2025-01-10","Bacterial Genetics and Biotechnology","1"
"2025-01-10","Bacteriophages and microbial interactions","1"
"2025-01-10","RNA and protein synthesis mechanisms","1"
"2025-01-11","Bacterial Genetics and Biotechnology","2"
"2025-01-11","Bacteriophages and microbial interactions","1"
"2025-01-11","CRISPR and Genetic Engineering","1"
"2025-01-11","Gene Regulatory Network Analysis","1"
"2025-01-11","RNA and protein synthesis mechanisms","1"
"2025-01-12","Bacterial Genetics and Biotechnology","1"
"2025-01-12","Bacteriophages and microbial interactions","1"
"2025-01-12","Gut microbiota and health","1"
"2025-01-13","Antibiotic Resistance in Bacteria","1"
"2025-01-13","Bacterial Genetics and Biotechnology","1"
"2025-01-13","Bacteriophages and microbial interactions","1"
"2025-01-15","Bacillus and Francisella bacterial research","1"
"2025-01-15","Bacterial Genetics and Biotechnology","1"
"2025-01-15","Vibrio bacteria research studies","1"
"2025-01-16","Bacterial Genetics and Biotechnology","1"
"2025-01-16","Bacteriophages and microbial interactions","1"
"2025-01-16","RNA and protein synthesis mechanisms","1"
"2025-01-17","Bacterial Genetics and Biotechnology","2"
"2025-01-17","Bacteriophages and microbial interactions","1"
"2025-01-17","Cancer Research and Treatments","1"
"2025-01-17","DNA Repair Mechanisms","1"
"2025-01-17","Escherichia coli research studies","1"
"2025-01-18","Bacterial Genetics and Biotechnology","1"
"2025-01-18","Bacteriophages and microbial interactions","1"
"2025-01-18","Legume Nitrogen Fixing Symbiosis","1"
"2025-01-19","Bacterial Genetics and Biotechnology","1"
"2025-01-19","Microbial Metabolic Engineering and Bioproduction","1"
"2025-01-19","RNA and protein synthesis mechanisms","1"
"2025-01-20","Antibiotic Resistance in Bacteria","1"
"2025-01-20","Bacterial Genetics and Biotechnology","3"
"2025-01-20","Bacteriophages and microbial interactions","2"
"2025-01-20","RNA and protein synthesis mechanisms","1"
"2025-01-21","Antibiotic Resistance in Bacteria","1"
"2025-01-21","Bacterial Genetics and Biotechnology","2"
"2025-01-21","Bacterial biofilms and quorum sensing","1"
"2025-01-21","Bacteriophages and microbial interactions","1"
"2025-01-21","Protist diversity and phylogeny","1"
"2025-01-22","Bacillus and Francisella bacterial research","1"
"2025-01-22","Bacterial Genetics and Biotechnology","7"
"2025-01-22","Bacterial biofilms and quorum sensing","1"
"2025-01-22","Bacteriophages and microbial interactions","2"
"2025-01-22","CRISPR and Genetic Engineering","1"
"2025-01-22","Heat shock proteins research","1"
"2025-01-22","Legume Nitrogen Fixing Symbiosis","1"
"2025-01-22","Microbial Metabolic Engineering and Bioproduction","1"
"2025-01-22","Photosynthetic Processes and Mechanisms","1"
"2025-01-22","Protein Structure and Dynamics","2"
"2025-01-22","Vibrio bacteria research studies","2"
"2025-01-22","Viral Infectious Diseases and Gene Expression in Insects","1"
"2025-01-23","Bacterial Genetics and Biotechnology","1"
"2025-01-23","Bacteriophages and microbial interactions","1"
"2025-01-23","RNA and protein synthesis mechanisms","1"
"2025-01-24","Bacterial Genetics and Biotechnology","4"
"2025-01-24","Biochemical and Molecular Research","1"
"2025-01-24","DNA Repair Mechanisms","1"
"2025-01-24","Escherichia coli research studies","1"
"2025-01-24","Gut microbiota and health","1"
"2025-01-24","Microbial Community Ecology and Physiology","1"
"2025-01-24","Protein Structure and Dynamics","1"
"2025-01-24","RNA Research and Splicing","1"
"2025-01-24","RNA and protein synthesis mechanisms","1"
"2025-01-27","Antimicrobial Resistance in Staphylococcus","1"
"2025-01-27","Bacterial Genetics and Biotechnology","5"
"2025-01-27","Bacterial biofilms and quorum sensing","1"
"2025-01-27","Bacteriophages and microbial interactions","2"
"2025-01-27","Cancer Research and Treatments","1"
"2025-01-27","Enzyme Structure and Function","1"
"2025-01-27","Genomics and Phylogenetic Studies","2"
"2025-01-27","Microbial Metabolic Engineering and Bioproduction","1"
"2025-01-27","Protist diversity and phylogeny","1"
"2025-01-28","Antimicrobial Peptides and Activities","1"
"2025-01-28","Bacterial Genetics and Biotechnology","2"
"2025-01-28","Bacteriophages and microbial interactions","2"
"2025-01-28","RNA and protein synthesis mechanisms","1"
"2025-01-29","Bacterial Genetics and Biotechnology","4"
"2025-01-29","Bacterial biofilms and quorum sensing","1"
"2025-01-29","Bacteriophages and microbial interactions","2"
"2025-01-29","Drug Transport and Resistance Mechanisms","1"
"2025-01-29","Enzyme Structure and Function","1"
"2025-01-29","Genomics and Phylogenetic Studies","1"
"2025-01-29","Iron Metabolism and Disorders","1"
"2025-01-29","RNA and protein synthesis mechanisms","1"
"2025-01-30","Bacterial Genetics and Biotechnology","2"
"2025-01-30","Bacteriophages and microbial interactions","1"
"2025-01-30","Escherichia coli research studies","1"
"2025-01-30","Microbial Inactivation Methods","1"
"2025-01-30","Probiotics and Fermented Foods","1"
"2025-01-31","Bacterial Genetics and Biotechnology","2"
"2025-01-31","Bacteriophages and microbial interactions","1"
"2025-01-31","Escherichia coli research studies","1"
"2025-01-31","Evolution and Genetic Dynamics","1"
"2025-01-31","Probiotics and Fermented Foods","1"
"2025-02-01","Antibiotic Resistance in Bacteria","1"
"2025-02-01","Bacterial Genetics and Biotechnology","17"
"2025-02-01","Bacteriophages and microbial interactions","6"
"2025-02-01","Cancer Research and Treatments","1"
"2025-02-01","DNA Repair Mechanisms","1"
"2025-02-01","Escherichia coli research studies","2"
"2025-02-01","Genomics and Phylogenetic Studies","1"
"2025-02-01","Gut microbiota and health","1"
"2025-02-01","Lipid Membrane Structure and Behavior","2"
"2025-02-01","Microbial Metabolic Engineering and Bioproduction","4"
"2025-02-01","Probiotics and Fermented Foods","2"
"2025-02-01","Protein Structure and Dynamics","1"
"2025-02-01","RNA and protein synthesis mechanisms","5"
"2025-02-01","bioluminescence and chemiluminescence research","1"
"2025-02-03","Bacterial Genetics and Biotechnology","1"
"2025-02-03","DNA Repair Mechanisms","1"
"2025-02-03","Evolution and Genetic Dynamics","1"
"2025-02-04","Antibiotic Resistance in Bacteria","1"
"2025-02-04","Bacterial Genetics and Biotechnology","2"
"2025-02-04","Escherichia coli research studies","1"
"2025-02-04","Microbial Community Ecology and Physiology","1"
"2025-02-04","Microbial bioremediation and biosurfactants","1"
"2025-02-05","Bacterial Genetics and Biotechnology","1"
"2025-02-05","Microbial Community Ecology and Physiology","1"
"2025-02-05","RNA and protein synthesis mechanisms","1"
"2025-02-06","Advanced Proteomics Techniques and Applications","1"
"2025-02-06","Bacterial Genetics and Biotechnology","2"
"2025-02-06","Escherichia coli research studies","1"
"2025-02-06","Microbial Metabolic Engineering and Bioproduction","1"
"2025-02-06","RNA and protein synthesis mechanisms","1"
"2025-02-07","Antibiotic Resistance in Bacteria","1"
"2025-02-07","Bacterial Genetics and Biotechnology","5"
"2025-02-07","Bacterial biofilms and quorum sensing","1"
"2025-02-07","Bacteriophages and microbial interactions","2"
"2025-02-07","Enzyme Structure and Function","1"
"2025-02-07","Mycobacterium research and diagnosis","1"
"2025-02-07","RNA and protein synthesis mechanisms","4"
"2025-02-08","Antibiotic Resistance in Bacteria","1"
"2025-02-08","Bacterial Genetics and Biotechnology","2"
"2025-02-08","Genomics and Phylogenetic Studies","1"
"2025-02-08","RNA and protein synthesis mechanisms","2"
"2025-02-11","Bacterial Genetics and Biotechnology","3"
"2025-02-11","Bacterial biofilms and quorum sensing","1"
"2025-02-11","Bacteriophages and microbial interactions","2"
"2025-02-11","Cancer Research and Treatments","1"
"2025-02-11","Cell Image Analysis Techniques","1"
"2025-02-11","Microbial Metabolic Engineering and Bioproduction","1"
"2025-02-12","Bacterial Genetics and Biotechnology","1"
"2025-02-12","Bacteriophages and microbial interactions","1"
"2025-02-12","Vibrio bacteria research studies","1"
"2025-02-13","Antibiotic Resistance in Bacteria","1"
"2025-02-13","Bacterial Genetics and Biotechnology","3"
"2025-02-13","Botanical Research and Chemistry","1"
"2025-02-13","CRISPR and Genetic Engineering","1"
"2025-02-13","Genetics, Aging, and Longevity in Model Organisms","1"
"2025-02-13","RNA and protein synthesis mechanisms","1"
"2025-02-13","Tuberculosis Research and Epidemiology","1"
"2025-02-16","Bacterial Genetics and Biotechnology","1"
"2025-02-16","Bacteriophages and microbial interactions","1"
"2025-02-16","Microbial Metabolic Engineering and Bioproduction","1"
"2025-02-17","Bacterial Genetics and Biotechnology","3"
"2025-02-17","Bacteriophages and microbial interactions","1"
"2025-02-17","Escherichia coli research studies","2"
"2025-02-17","RNA and protein synthesis mechanisms","1"
"2025-02-17","Vibrio bacteria research studies","1"
"2025-02-17","Viral Infectious Diseases and Gene Expression in Insects","1"
"2025-02-18","Bacterial Genetics and Biotechnology","1"
"2025-02-18","Microbial Metabolic Engineering and Bioproduction","1"
"2025-02-18","Photosynthetic Processes and Mechanisms","1"
"2025-02-19","Antibiotic Resistance in Bacteria","1"
"2025-02-19","Bacterial Genetics and Biotechnology","3"
"2025-02-19","Bacterial biofilms and quorum sensing","1"
"2025-02-19","CRISPR and Genetic Engineering","1"
"2025-02-19","Enzyme Structure and Function","1"
"2025-02-19","Escherichia coli research studies","1"
"2025-02-19","Legume Nitrogen Fixing Symbiosis","1"
"2025-02-20","Bacterial Genetics and Biotechnology","2"
"2025-02-20","Enzyme Structure and Function","1"
"2025-02-20","Genomics and Phylogenetic Studies","1"
"2025-02-20","Lipid Membrane Structure and Behavior","1"
"2025-02-20","Streptococcal Infections and Treatments","1"
"2025-02-21","Bacterial Genetics and Biotechnology","2"
"2025-02-21","Biochemical and Structural Characterization","1"
"2025-02-21","Evolution and Genetic Dynamics","1"
"2025-02-21","Gene Regulatory Network Analysis","1"
"2025-02-21","Probiotics and Fermented Foods","1"
"2025-02-23","Bacterial Genetics and Biotechnology","1"
"2025-02-23","Escherichia coli research studies","1"
"2025-02-23","Microbial Metabolic Engineering and Bioproduction","1"
"2025-02-25","Antibiotic Resistance in Bacteria","2"
"2025-02-25","Bacterial Genetics and Biotechnology","2"
"2025-02-25","Bacteriophages and microbial interactions","1"
"2025-02-25","Cancer Research and Treatments","1"
"2025-02-26","Bacterial Genetics and Biotechnology","5"
"2025-02-26","Bacterial biofilms and quorum sensing","1"
"2025-02-26","Bacteriophages and microbial interactions","2"
"2025-02-26","Genomics and Phylogenetic Studies","1"
"2025-02-26","Glycosylation and Glycoproteins Research","1"
"2025-02-26","Microbial Metabolic Engineering and Bioproduction","1"
"2025-02-26","Protein Structure and Dynamics","1"
"2025-02-26","RNA and protein synthesis mechanisms","1"
"2025-02-27","Advanced biosensing and bioanalysis techniques","1"
"2025-02-27","Bacterial Genetics and Biotechnology","3"
"2025-02-27","Bacteriophages and microbial interactions","1"
"2025-02-27","Escherichia coli research studies","1"
"2025-02-27","RNA and protein synthesis mechanisms","3"
"2025-02-28","Bacterial Genetics and Biotechnology","1"
"2025-02-28","Microbial Community Ecology and Physiology","1"
"2025-02-28","Vibrio bacteria research studies","1"
"2025-03-01","Bacterial Genetics and Biotechnology","10"
"2025-03-01","Biocrusts and Microbial Ecology","1"
"2025-03-01","CRISPR and Genetic Engineering","2"
"2025-03-01","DNA Repair Mechanisms","1"
"2025-03-01","Escherichia coli research studies","1"
"2025-03-01","Genomics and Phylogenetic Studies","2"
"2025-03-01","Lipid Membrane Structure and Behavior","2"
"2025-03-01","Photosynthetic Processes and Mechanisms","1"
"2025-03-01","Protein Structure and Dynamics","1"
"2025-03-01","Protist diversity and phylogeny","1"
"2025-03-01","RNA and protein synthesis mechanisms","6"
"2025-03-02","Bacterial Genetics and Biotechnology","2"
"2025-03-02","Bacteriophages and microbial interactions","1"
"2025-03-02","CRISPR and Genetic Engineering","1"
"2025-03-02","DNA Repair Mechanisms","1"
"2025-03-02","RNA and protein synthesis mechanisms","1"
"2025-03-03","Antibiotic Resistance in Bacteria","1"
"2025-03-03","Bacterial Genetics and Biotechnology","3"
"2025-03-03","Bacteriophages and microbial interactions","1"
"2025-03-03","Drug Transport and Resistance Mechanisms","1"
"2025-03-03","Photosynthetic Processes and Mechanisms","1"
"2025-03-03","RNA and protein synthesis mechanisms","1"
"2025-03-03","RNA modifications and cancer","1"
"2025-03-04","Bacterial Genetics and Biotechnology","2"
"2025-03-04","DNA Repair Mechanisms","1"
"2025-03-04","Gene Regulatory Network Analysis","1"
"2025-03-04","vaccines and immunoinformatics approaches","1"
"2025-03-05","Bacterial Genetics and Biotechnology","1"
"2025-03-05","Metalloenzymes and iron-sulfur proteins","1"
"2025-03-05","Microbial Fuel Cells and Bioremediation","1"
"2025-03-06","Bacterial Genetics and Biotechnology","2"
"2025-03-06","Bacteriophages and microbial interactions","1"
"2025-03-06","Clostridium difficile and Clostridium perfringens research","1"
"2025-03-06","Genomics and Phylogenetic Studies","1"
"2025-03-06","Vibrio bacteria research studies","1"
"2025-03-07","Bacterial Genetics and Biotechnology","3"
"2025-03-07","Bacteriophages and microbial interactions","1"
"2025-03-07","Escherichia coli research studies","1"
"2025-03-07","Protein Structure and Dynamics","1"
"2025-03-07","RNA and protein synthesis mechanisms","3"
"2025-03-08","Bacterial Genetics and Biotechnology","2"
"2025-03-08","Bacteriophages and microbial interactions","1"
"2025-03-08","Escherichia coli research studies","1"
"2025-03-08","RNA and protein synthesis mechanisms","1"
"2025-03-08","Salmonella and Campylobacter epidemiology","1"
"2025-03-10","Bacterial Genetics and Biotechnology","2"
"2025-03-10","Bacterial biofilms and quorum sensing","1"
"2025-03-10","Biochemical and Structural Characterization","1"
"2025-03-10","RNA and protein synthesis mechanisms","1"
"2025-03-10","Trace Elements in Health","1"
"2025-03-11","Antibiotic Resistance in Bacteria","1"
"2025-03-11","Bacterial Genetics and Biotechnology","4"
"2025-03-11","Bacterial biofilms and quorum sensing","1"
"2025-03-11","Bacteriophages and microbial interactions","1"
"2025-03-11","Enzyme Structure and Function","1"
"2025-03-11","Escherichia coli research studies","1"
"2025-03-11","Glycosylation and Glycoproteins Research","1"
"2025-03-12","Antibiotic Resistance in Bacteria","2"
"2025-03-12","Bacterial Genetics and Biotechnology","8"
"2025-03-12","CRISPR and Genetic Engineering","4"
"2025-03-12","Gene Regulatory Network Analysis","1"
"2025-03-12","Genomics and Phylogenetic Studies","1"
"2025-03-12","Microbial Community Ecology and Physiology","1"
"2025-03-12","Mycobacterium research and diagnosis","2"
"2025-03-13","Bacterial Genetics and Biotechnology","2"
"2025-03-13","Bacteriophages and microbial interactions","1"
"2025-03-13","Escherichia coli research studies","1"
"2025-03-13","Microbial Fuel Cells and Bioremediation","1"
"2025-03-13","Porphyrin Metabolism and Disorders","1"
"2025-03-14","Antibiotic Resistance in Bacteria","2"
"2025-03-14","Bacterial Genetics and Biotechnology","6"
"2025-03-14","Bacterial biofilms and quorum sensing","1"
"2025-03-14","Clostridium difficile and Clostridium perfringens research","1"
"2025-03-14","Enzyme Structure and Function","2"
"2025-03-14","Escherichia coli research studies","1"
"2025-03-14","Metabolism and Genetic Disorders","1"
"2025-03-14","Microbial bioremediation and biosurfactants","1"
"2025-03-14","Protein Structure and Dynamics","1"
"2025-03-14","RNA and protein synthesis mechanisms","1"
"2025-03-15","Bacterial Genetics and Biotechnology","2"
"2025-03-15","Bacteriophages and microbial interactions","1"
"2025-03-15","Fungal and yeast genetics research","1"
"2025-03-15","Genomics and Phylogenetic Studies","1"
"2025-03-15","Microbial Community Ecology and Physiology","1"
"2025-03-17","Bacterial Genetics and Biotechnology","2"
"2025-03-17","Escherichia coli research studies","1"
"2025-03-17","Probiotics and Fermented Foods","1"
"2025-03-17","RNA and protein synthesis mechanisms","1"
"2025-03-20","Antibiotic Resistance in Bacteria","1"
"2025-03-20","Bacterial Genetics and Biotechnology","2"
"2025-03-20","Bacteriophages and microbial interactions","1"
"2025-03-20","RNA and protein synthesis mechanisms","1"
"2025-03-20","Streptococcal Infections and Treatments","1"
"2025-03-21","Bacterial Genetics and Biotechnology","2"
"2025-03-21","Bacteriophages and microbial interactions","1"
"2025-03-21","Enzyme Structure and Function","1"
"2025-03-21","Protist diversity and phylogeny","1"
"2025-03-21","Yersinia bacterium, plague, ectoparasites research","1"
"2025-03-22","Bacterial Genetics and Biotechnology","2"
"2025-03-22","Glycosylation and Glycoproteins Research","1"
"2025-03-22","Lipid Membrane Structure and Behavior","1"
"2025-03-22","Microbial infections and disease research","1"
"2025-03-22","Protein Structure and Dynamics","1"
"2025-03-25","Antibiotic Resistance in Bacteria","1"
"2025-03-25","Bacterial Genetics and Biotechnology","4"
"2025-03-25","Bacterial biofilms and quorum sensing","1"
"2025-03-25","Bacteriophages and microbial interactions","2"
"2025-03-25","DNA Repair Mechanisms","1"
"2025-03-25","DNA and Nucleic Acid Chemistry","1"
"2025-03-26","Bacillus and Francisella bacterial research","1"
"2025-03-26","Bacterial Genetics and Biotechnology","4"
"2025-03-26","Bacterial biofilms and quorum sensing","1"
"2025-03-26","Bacteriophages and microbial interactions","2"
"2025-03-26","Fungal and yeast genetics research","1"
"2025-03-26","Microbial Inactivation Methods","1"
"2025-03-26","RNA and protein synthesis mechanisms","2"
"2025-03-27","Bacterial Genetics and Biotechnology","1"
"2025-03-27","Gene Regulatory Network Analysis","1"
"2025-03-27","RNA and protein synthesis mechanisms","1"
"2025-03-29","Bacterial Genetics and Biotechnology","1"
"2025-03-29","CRISPR and Genetic Engineering","1"
"2025-03-29","RNA and protein synthesis mechanisms","1"
"2025-03-31","Bacterial Genetics and Biotechnology","3"
"2025-03-31","Enzyme Structure and Function","1"
"2025-03-31","Metal-Catalyzed Oxygenation Mechanisms","1"
"2025-03-31","Microbial Metabolic Engineering and Bioproduction","2"
"2025-03-31","Photosynthetic Processes and Mechanisms","1"
"2025-04-01","Antibiotic Resistance in Bacteria","1"
"2025-04-01","Bacillus and Francisella bacterial research","1"
"2025-04-01","Bacterial Genetics and Biotechnology","10"
"2025-04-01","Bacteriophages and microbial interactions","5"
"2025-04-01","Biofuel production and bioconversion","1"
"2025-04-01","Clostridium difficile and Clostridium perfringens research","1"
"2025-04-01","DNA Repair Mechanisms","1"
"2025-04-01","Gene Regulatory Network Analysis","1"
"2025-04-01","Insect Resistance and Genetics","1"
"2025-04-01","Microbial Metabolic Engineering and Bioproduction","2"
"2025-04-01","Probiotics and Fermented Foods","1"
"2025-04-01","RNA Interference and Gene Delivery","1"
"2025-04-01","RNA and protein synthesis mechanisms","4"
"2025-04-02","Antibiotic Resistance in Bacteria","1"
"2025-04-02","Bacterial Genetics and Biotechnology","4"
"2025-04-02","Bacterial biofilms and quorum sensing","2"
"2025-04-02","Biochemical and Structural Characterization","1"
"2025-04-02","Escherichia coli research studies","1"
"2025-04-02","Genomics and Phylogenetic Studies","1"
"2025-04-02","RNA and protein synthesis mechanisms","2"
"2025-04-03","Bacterial Genetics and Biotechnology","3"
"2025-04-03","Enzyme Structure and Function","1"
"2025-04-03","Evolution and Genetic Dynamics","1"
"2025-04-03","Gut microbiota and health","1"
"2025-04-03","Probiotics and Fermented Foods","1"
"2025-04-03","Protein Structure and Dynamics","2"
"2025-04-04","Bacterial Genetics and Biotechnology","2"
"2025-04-04","Enzyme Structure and Function","2"
"2025-04-04","Protein Structure and Dynamics","1"
"2025-04-04","RNA and protein synthesis mechanisms","1"
"2025-04-05","Bacterial Genetics and Biotechnology","1"
"2025-04-05","Bacteriophages and microbial interactions","1"
"2025-04-05","RNA and protein synthesis mechanisms","1"
"2025-04-07","Bacterial Genetics and Biotechnology","2"
"2025-04-07","Bacteriophages and microbial interactions","1"
"2025-04-07","Cancer Research and Treatments","1"
"2025-04-07","RNA Interference and Gene Delivery","1"
"2025-04-07","RNA and protein synthesis mechanisms","1"
"2025-04-08","Bacterial Genetics and Biotechnology","2"
"2025-04-08","Bacteriophages and microbial interactions","1"
"2025-04-08","Pneumonia and Respiratory Infections","1"
"2025-04-08","RNA and protein synthesis mechanisms","2"
"2025-04-09","Antibiotic Resistance in Bacteria","1"
"2025-04-09","Bacterial Genetics and Biotechnology","2"
"2025-04-09","Bacteriophages and microbial interactions","2"
"2025-04-09","RNA and protein synthesis mechanisms","1"
"2025-04-10","Bacterial Genetics and Biotechnology","1"
"2025-04-10","Insect Resistance and Genetics","1"
"2025-04-10","RNA and protein synthesis mechanisms","1"
"2025-04-11","Antimicrobial Resistance in Staphylococcus","1"
"2025-04-11","Bacterial Genetics and Biotechnology","2"
"2025-04-11","Bacterial biofilms and quorum sensing","1"
"2025-04-11","DNA Repair Mechanisms","1"
"2025-04-11","Escherichia coli research studies","1"
"2025-04-14","Bacterial Genetics and Biotechnology","1"
"2025-04-14","Escherichia coli research studies","1"
"2025-04-14","Lipid Membrane Structure and Behavior","1"
"2025-04-16","Antibiotic Resistance in Bacteria","1"
"2025-04-16","Bacterial Genetics and Biotechnology","3"
"2025-04-16","Bacterial biofilms and quorum sensing","1"
"2025-04-16","Microbial Metabolic Engineering and Bioproduction","1"
"2025-04-16","Microtubule and mitosis dynamics","1"
"2025-04-16","Photosynthetic Processes and Mechanisms","1"
"2025-04-16","thermodynamics and calorimetric analyses","1"
"2025-04-17","Antibiotic Resistance in Bacteria","1"
"2025-04-17","Bacterial Genetics and Biotechnology","2"
"2025-04-17","Escherichia coli research studies","2"
"2025-04-17","RNA and protein synthesis mechanisms","1"
"2025-04-18","Bacterial Genetics and Biotechnology","1"
"2025-04-18","Bacterial Infections and Vaccines","1"
"2025-04-18","RNA and protein synthesis mechanisms","1"
"2025-04-20","Bacterial Genetics and Biotechnology","1"
"2025-04-20","Bacteriophages and microbial interactions","1"
"2025-04-20","RNA and protein synthesis mechanisms","1"
"2025-04-21","Bacterial Genetics and Biotechnology","2"
"2025-04-21","Biochemical and Structural Characterization","1"
"2025-04-21","Genomics and Phylogenetic Studies","1"
"2025-04-21","Iron Metabolism and Disorders","1"
"2025-04-21","Microbial Fuel Cells and Bioremediation","1"
"2025-04-22","Bacterial Genetics and Biotechnology","1"
"2025-04-24","Bacterial Genetics and Biotechnology","3"
"2025-04-24","Bacteriophages and microbial interactions","1"
"2025-04-24","Genomics and Phylogenetic Studies","1"
"2025-04-24","Microbial Metabolic Engineering and Bioproduction","1"
"2025-04-24","RNA and protein synthesis mechanisms","3"
"2025-04-25","Bacterial Genetics and Biotechnology","2"
"2025-04-25","Bacteriophages and microbial interactions","1"
"2025-04-25","CRISPR and Genetic Engineering","1"
"2025-04-25","Probiotics and Fermented Foods","1"
"2025-04-25","RNA and protein synthesis mechanisms","1"
"2025-04-29","Antibiotic Resistance in Bacteria","1"
"2025-04-29","Bacterial Genetics and Biotechnology","3"
"2025-04-29","Bacterial biofilms and quorum sensing","2"
"2025-04-29","Bacteriophages and microbial interactions","1"
"2025-04-29","Microbial Metabolic Engineering and Bioproduction","1"
"2025-04-29","Pharmacogenetics and Drug Metabolism","1"
"2025-04-30","Bacterial Genetics and Biotechnology","5"
"2025-04-30","Bacterial biofilms and quorum sensing","1"
"2025-04-30","Bacteriophages and microbial interactions","3"
"2025-04-30","Lipid Membrane Structure and Behavior","1"
"2025-04-30","RNA and protein synthesis mechanisms","1"
"2025-04-30","Trace Elements in Health","1"
"2025-05-01","Bacterial Genetics and Biotechnology","4"
"2025-05-01","Cancer Research and Treatments","1"
"2025-05-01","Genomics and Phylogenetic Studies","2"
"2025-05-01","Machine Learning in Bioinformatics","1"
"2025-05-01","Microbial Metabolic Engineering and Bioproduction","1"
"2025-05-01","Microbial Natural Products and Biosynthesis","1"
"2025-05-01","Probiotics and Fermented Foods","1"
"2025-05-04","Bacterial Genetics and Biotechnology","1"
"2025-05-04","Gene Regulatory Network Analysis","1"
"2025-05-04","Microbial Fuel Cells and Bioremediation","1"
"2025-05-05","Bacterial Genetics and Biotechnology","1"
"2025-05-05","Bacteriophages and microbial interactions","1"
"2025-05-05","Protein Structure and Dynamics","1"
"2025-05-06","Advanced biosensing and bioanalysis techniques","1"
"2025-05-06","Bacterial Genetics and Biotechnology","4"
"2025-05-06","Bacteriophages and microbial interactions","1"
"2025-05-06","Escherichia coli research studies","1"
"2025-05-06","Genomics and Phylogenetic Studies","1"
"2025-05-06","Microbial Metabolic Engineering and Bioproduction","1"
"2025-05-06","RNA and protein synthesis mechanisms","2"
"2025-05-06","Vibrio bacteria research studies","1"
"2025-05-07","Bacterial Genetics and Biotechnology","3"
"2025-05-07","Bacteriophages and microbial interactions","2"
"2025-05-07","Clostridium difficile and Clostridium perfringens research","1"
"2025-05-07","Enzyme Structure and Function","1"
"2025-05-07","Ion channel regulation and function","1"
"2025-05-07","RNA and protein synthesis mechanisms","1"
"2025-05-09","Antibiotic Resistance in Bacteria","1"
"2025-05-09","Bacterial Genetics and Biotechnology","2"
"2025-05-09","Bacteriophages and microbial interactions","1"
"2025-05-09","Carbohydrate Chemistry and Synthesis","1"
"2025-05-09","Probiotics and Fermented Foods","1"
"2025-05-10","Bacterial Genetics and Biotechnology","2"
"2025-05-10","Genomics and Phylogenetic Studies","2"
"2025-05-10","Machine Learning in Bioinformatics","1"
"2025-05-10","Protist diversity and phylogeny","1"
"2025-05-11","Antibiotic Resistance in Bacteria","1"
"2025-05-11","Bacterial Genetics and Biotechnology","1"
"2025-05-11","Vibrio bacteria research studies","1"
"2025-05-12","Bacterial Genetics and Biotechnology","2"
"2025-05-12","Bacteriophages and microbial interactions","1"
"2025-05-12","Cancer Research and Treatments","1"
"2025-05-12","Microbial Metabolic Engineering and Bioproduction","1"
"2025-05-12","Protein Structure and Dynamics","1"
"2025-05-13","Bacterial Genetics and Biotechnology","4"
"2025-05-13","Bacterial biofilms and quorum sensing","2"
"2025-05-13","Biochemical and Structural Characterization","1"
"2025-05-13","Evolution and Genetic Dynamics","1"
"2025-05-13","Microbial Metabolism and Applications","1"
"2025-05-13","Microbial Natural Products and Biosynthesis","1"
"2025-05-13","Trace Elements in Health","1"
"2025-05-14","Bacterial Genetics and Biotechnology","3"
"2025-05-14","Bacteriophages and microbial interactions","1"
"2025-05-14","Genomics and Phylogenetic Studies","1"
"2025-05-14","Protein Structure and Dynamics","1"
"2025-05-14","RNA and protein synthesis mechanisms","1"
"2025-05-14","Receptor Mechanisms and Signaling","1"
"2025-05-14","bioluminescence and chemiluminescence research","1"
"2025-05-15","Bacterial Genetics and Biotechnology","3"
"2025-05-15","Bacterial biofilms and quorum sensing","1"
"2025-05-15","Bacteriophages and microbial interactions","2"
"2025-05-15","Genomics and Phylogenetic Studies","2"
"2025-05-15","RNA and protein synthesis mechanisms","1"
"2025-05-16","Amino Acid Enzymes and Metabolism","1"
"2025-05-16","Bacterial Genetics and Biotechnology","3"
"2025-05-16","Bacteriophages and microbial interactions","2"
"2025-05-16","RNA and protein synthesis mechanisms","3"
"2025-05-18","Bacterial Genetics and Biotechnology","1"
"2025-05-18","Bacterial biofilms and quorum sensing","1"
"2025-05-18","RNA and protein synthesis mechanisms","1"
"2025-05-19","Bacterial Genetics and Biotechnology","6"
"2025-05-19","Bacteriophages and microbial interactions","6"
"2025-05-19","Evolution and Genetic Dynamics","5"
"2025-05-19","RNA and protein synthesis mechanisms","1"
"2025-05-20","Bacterial Genetics and Biotechnology","3"
"2025-05-20","CRISPR and Genetic Engineering","1"
"2025-05-20","Cancer Research and Treatments","1"
"2025-05-20","Enzyme Structure and Function","1"
"2025-05-20","Escherichia coli research studies","1"
"2025-05-20","Gut microbiota and health","1"
"2025-05-20","Vibrio bacteria research studies","1"
"2025-05-21","Antibiotic Resistance in Bacteria","1"
"2025-05-21","Bacterial Genetics and Biotechnology","5"
"2025-05-21","Bacteriophages and microbial interactions","1"
"2025-05-21","DNA and Nucleic Acid Chemistry","1"
"2025-05-21","Enzyme Structure and Function","1"
"2025-05-21","Genomics and Phylogenetic Studies","2"
"2025-05-21","Machine Learning in Bioinformatics","1"
"2025-05-21","Microbial Community Ecology and Physiology","1"
"2025-05-21","RNA and protein synthesis mechanisms","1"
"2025-05-21","Salmonella and Campylobacter epidemiology","1"
"2025-05-22","Antibiotic Resistance in Bacteria","2"
"2025-05-22","Bacterial Genetics and Biotechnology","4"
"2025-05-22","Bacteriophages and microbial interactions","2"
"2025-05-22","CRISPR and Genetic Engineering","1"
"2025-05-22","Enzyme Production and Characterization","1"
"2025-05-22","RNA and protein synthesis mechanisms","2"
"2025-05-23","Bacterial Genetics and Biotechnology","1"
"2025-05-23","Bacteriophages and microbial interactions","1"
"2025-05-23","CRISPR and Genetic Engineering","1"
"2025-05-26","Bacterial Genetics and Biotechnology","1"
"2025-05-26","Bacteriophages and microbial interactions","1"
"2025-05-26","RNA and protein synthesis mechanisms","1"
"2025-05-27","Antibiotic Resistance in Bacteria","1"
"2025-05-27","Bacterial Genetics and Biotechnology","4"
"2025-05-27","Bacteriophages and microbial interactions","2"
"2025-05-27","CRISPR and Genetic Engineering","2"
"2025-05-27","Escherichia coli research studies","2"
"2025-05-27","Vibrio bacteria research studies","1"
"2025-05-29","Bacillus and Francisella bacterial research","1"
"2025-05-29","Bacterial Genetics and Biotechnology","2"
"2025-05-29","Bacteriophages and microbial interactions","1"
"2025-05-29","Microbial Metabolic Engineering and Bioproduction","1"
"2025-05-29","RNA and protein synthesis mechanisms","1"
"2025-05-30","Bacterial Genetics and Biotechnology","3"
"2025-05-30","Bacteriophages and microbial interactions","2"
"2025-05-30","Escherichia coli research studies","2"
"2025-05-30","Protein Structure and Dynamics","1"
"2025-05-30","Vibrio bacteria research studies","1"
"2025-05-31","Bacterial Genetics and Biotechnology","1"
"2025-05-31","Bacterial Infections and Vaccines","1"
"2025-05-31","RNA and protein synthesis mechanisms","1"
"2025-06-01","Antibiotic Resistance in Bacteria","1"
"2025-06-01","Bacterial Genetics and Biotechnology","4"
"2025-06-01","Bacterial biofilms and quorum sensing","1"
"2025-06-01","Bacteriophages and microbial interactions","1"
"2025-06-01","Crystallization and Solubility Studies","1"
"2025-06-01","Escherichia coli research studies","1"
"2025-06-01","Microbial Metabolic Engineering and Bioproduction","1"
"2025-06-01","RNA and protein synthesis mechanisms","1"
"2025-06-01","Vibrio bacteria research studies","1"
"2025-06-02","Amino Acid Enzymes and Metabolism","1"
"2025-06-02","Bacillus and Francisella bacterial research","1"
"2025-06-02","Bacterial Genetics and Biotechnology","2"
"2025-06-02","Microbial bioremediation and biosurfactants","1"
"2025-06-02","Protein Structure and Dynamics","1"
"2025-06-03","Bacterial Genetics and Biotechnology","1"
"2025-06-03","Bacteriophages and microbial interactions","1"
"2025-06-03","RNA and protein synthesis mechanisms","1"
"2025-06-04","Bacterial Genetics and Biotechnology","3"
"2025-06-04","Bacteriophages and microbial interactions","1"
"2025-06-04","CRISPR and Genetic Engineering","1"
"2025-06-04","Genomics and Phylogenetic Studies","1"
"2025-06-04","Machine Learning in Bioinformatics","1"
"2025-06-04","RNA and protein synthesis mechanisms","1"
"2025-06-04","Viral Infectious Diseases and Gene Expression in Insects","1"
"2025-06-05","Antimicrobial Resistance in Staphylococcus","1"
"2025-06-05","Bacterial Genetics and Biotechnology","1"
"2025-06-05","Bacterial biofilms and quorum sensing","1"
"2025-06-06","Bacterial Genetics and Biotechnology","2"
"2025-06-06","Bacterial biofilms and quorum sensing","1"
"2025-06-06","Gut microbiota and health","1"
"2025-06-06","Vibrio bacteria research studies","2"
"2025-06-07","Bacterial Genetics and Biotechnology","1"
"2025-06-07","Gene Regulatory Network Analysis","1"
"2025-06-07","Microbial Metabolic Engineering and Bioproduction","1"
"2025-06-09","Antibiotic Resistance in Bacteria","1"
"2025-06-09","Bacterial Genetics and Biotechnology","2"
"2025-06-09","Bacterial biofilms and quorum sensing","1"
"2025-06-09","CRISPR and Genetic Engineering","1"
"2025-06-09","Gut microbiota and health","1"
"2025-06-10","Antibiotic Resistance in Bacteria","1"
"2025-06-10","Bacterial Genetics and Biotechnology","3"
"2025-06-10","Bacteriophages and microbial interactions","1"
"2025-06-10","Cellular transport and secretion","1"
"2025-06-10","Gene Regulatory Network Analysis","1"
"2025-06-10","Microtubule and mitosis dynamics","1"
"2025-06-10","RNA and protein synthesis mechanisms","1"
"2025-06-11","Bacterial Genetics and Biotechnology","1"
"2025-06-11","Bacteriophages and microbial interactions","1"
"2025-06-11","Legume Nitrogen Fixing Symbiosis","1"
"2025-06-12","Bacterial Genetics and Biotechnology","2"
"2025-06-12","Bacteriophages and microbial interactions","1"
"2025-06-12","Gut microbiota and health","1"
"2025-06-12","Microbial Natural Products and Biosynthesis","1"
"2025-06-12","RNA and protein synthesis mechanisms","1"
"2025-06-13","Bacterial Genetics and Biotechnology","1"
"2025-06-13","Bacterial biofilms and quorum sensing","1"
"2025-06-13","Bacteriophages and microbial interactions","1"
"2025-06-16","Antibiotic Resistance in Bacteria","1"
"2025-06-16","Bacterial Genetics and Biotechnology","4"
"2025-06-16","Bacteriophages and microbial interactions","1"
"2025-06-16","CRISPR and Genetic Engineering","1"
"2025-06-16","Enzyme Structure and Function","1"
"2025-06-16","Escherichia coli research studies","2"
"2025-06-16","Fungal and yeast genetics research","1"
"2025-06-16","Protein Structure and Dynamics","1"
"2025-06-17","ATP Synthase and ATPases Research","1"
"2025-06-17","Bacterial Genetics and Biotechnology","5"
"2025-06-17","Bacterial biofilms and quorum sensing","1"
"2025-06-17","Bacteriophages and microbial interactions","2"
"2025-06-17","CRISPR and Genetic Engineering","1"
"2025-06-17","Enzyme Structure and Function","1"
"2025-06-17","Genomics and Phylogenetic Studies","1"
"2025-06-17","Probiotics and Fermented Foods","1"
"2025-06-17","RNA and protein synthesis mechanisms","2"
"2025-06-18","Bacterial Genetics and Biotechnology","2"
"2025-06-18","Genomics and Phylogenetic Studies","2"
"2025-06-18","Infections and bacterial resistance","1"
"2025-06-18","RNA and protein synthesis mechanisms","1"
"2025-06-19","Bacterial Genetics and Biotechnology","1"
"2025-06-19","CRISPR and Genetic Engineering","1"
"2025-06-19","RNA and protein synthesis mechanisms","1"
"2025-06-20","Antibiotic Resistance in Bacteria","2"
"2025-06-20","Bacterial Genetics and Biotechnology","4"
"2025-06-20","DNA Repair Mechanisms","1"
"2025-06-20","Enzyme Structure and Function","2"
"2025-06-20","Genomics and Phylogenetic Studies","1"
"2025-06-20","Legume Nitrogen Fixing Symbiosis","1"
"2025-06-20","RNA and protein synthesis mechanisms","1"
"2025-06-21","Amino Acid Enzymes and Metabolism","1"
"2025-06-21","Bacterial Genetics and Biotechnology","2"
"2025-06-21","Biochemical and Molecular Research","1"
"2025-06-21","Enzyme Structure and Function","1"
"2025-06-21","RNA and protein synthesis mechanisms","1"
"2025-06-22","Bacterial Genetics and Biotechnology","1"
"2025-06-22","Genomics and Chromatin Dynamics","1"
"2025-06-22","RNA and protein synthesis mechanisms","1"
"2025-06-23","Antibiotic Resistance in Bacteria","2"
"2025-06-23","Bacterial Genetics and Biotechnology","3"
"2025-06-23","CRISPR and Genetic Engineering","1"
"2025-06-23","Legume Nitrogen Fixing Symbiosis","1"
"2025-06-23","RNA and protein synthesis mechanisms","1"
"2025-06-23","Vibrio bacteria research studies","1"
"2025-06-24","Bacterial Genetics and Biotechnology","7"
"2025-06-24","Bacterial biofilms and quorum sensing","1"
"2025-06-24","Bacteriophages and microbial interactions","4"
"2025-06-24","Carbohydrate Chemistry and Synthesis","1"
"2025-06-24","Enzyme Structure and Function","1"
"2025-06-24","Evolution and Genetic Dynamics","5"
"2025-06-24","Plant-Microbe Interactions and Immunity","1"
"2025-06-24","RNA and protein synthesis mechanisms","1"
"2025-06-25","Bacterial Genetics and Biotechnology","1"
"2025-06-25","Genomics and Phylogenetic Studies","1"
"2025-06-25","Microbial Metabolic Engineering and Bioproduction","1"
"2025-06-26","Amino Acid Enzymes and Metabolism","1"
"2025-06-26","Antibiotic Resistance in Bacteria","1"
"2025-06-26","Bacterial Genetics and Biotechnology","2"
"2025-06-26","Enzyme Structure and Function","1"
"2025-06-26","Probiotics and Fermented Foods","1"
"2025-06-27","Bacterial Genetics and Biotechnology","2"
"2025-06-27","Bacteriophages and microbial interactions","1"
"2025-06-27","Enzyme Structure and Function","1"
"2025-06-27","RNA and protein synthesis mechanisms","2"
"2025-06-29","Bacterial Genetics and Biotechnology","1"
"2025-06-29","Escherichia coli research studies","1"
"2025-06-29","Vibrio bacteria research studies","1"
"2025-06-30","Antibiotic Resistance in Bacteria","1"
"2025-06-30","Bacterial Genetics and Biotechnology","3"
"2025-06-30","Bacterial biofilms and quorum sensing","2"
"2025-06-30","Fungal and yeast genetics research","1"
"2025-06-30","Gene Regulatory Network Analysis","1"
"2025-06-30","RNA and protein synthesis mechanisms","1"
"2025-07-01","Advanced Electron Microscopy Techniques and Applications","1"
"2025-07-01","Bacterial Genetics and Biotechnology","7"
"2025-07-01","Bacteriophages and microbial interactions","2"
"2025-07-01","CRISPR and Genetic Engineering","1"
"2025-07-01","Enzyme Structure and Function","2"
"2025-07-01","Escherichia coli research studies","2"
"2025-07-01","Genomics and Phylogenetic Studies","2"
"2025-07-01","Lipid Membrane Structure and Behavior","1"
"2025-07-01","Protein Structure and Dynamics","1"
"2025-07-01","RNA and protein synthesis mechanisms","2"
"2025-07-02","Antibiotic Resistance in Bacteria","1"
"2025-07-02","Bacterial Genetics and Biotechnology","2"
"2025-07-02","Bacteriophages and microbial interactions","2"
"2025-07-02","Genomics and Phylogenetic Studies","1"
"2025-07-03","Antibiotic Resistance in Bacteria","1"
"2025-07-03","Bacterial Genetics and Biotechnology","2"
"2025-07-03","Bacteriophages and microbial interactions","1"
"2025-07-03","Escherichia coli research studies","1"
"2025-07-03","Probiotics and Fermented Foods","1"
"2025-07-04","Bacterial Genetics and Biotechnology","1"
"2025-07-04","Enzyme Structure and Function","1"
"2025-07-04","Microbial Community Ecology and Physiology","1"
"2025-07-05","Bacterial Genetics and Biotechnology","3"
"2025-07-05","Bacteriophages and microbial interactions","1"
"2025-07-05","Evolution and Genetic Dynamics","1"
"2025-07-05","Microbial Metabolic Engineering and Bioproduction","1"
"2025-07-05","RNA and protein synthesis mechanisms","1"
"2025-07-06","Bacterial Genetics and Biotechnology","1"
"2025-07-06","Protein Structure and Dynamics","1"
"2025-07-06","RNA and protein synthesis mechanisms","1"
"2025-07-07","Bacterial Genetics and Biotechnology","1"
"2025-07-07","CRISPR and Genetic Engineering","1"
"2025-07-07","RNA and protein synthesis mechanisms","1"
"2025-07-08","Amino Acid Enzymes and Metabolism","1"
"2025-07-08","Bacterial Genetics and Biotechnology","2"
"2025-07-08","Enzyme Structure and Function","2"
"2025-07-08","RNA and protein synthesis mechanisms","1"
"2025-07-09","Amino Acid Enzymes and Metabolism","1"
"2025-07-09","Bacterial Genetics and Biotechnology","6"
"2025-07-09","Bacteriophages and microbial interactions","1"
"2025-07-09","Biochemical and Molecular Research","1"
"2025-07-09","Carbohydrate Chemistry and Synthesis","1"
"2025-07-09","Enzyme Structure and Function","1"
"2025-07-09","Lipid Membrane Structure and Behavior","1"
"2025-07-09","Machine Learning in Bioinformatics","1"
"2025-07-09","Microbial Metabolic Engineering and Bioproduction","1"
"2025-07-09","Protein Structure and Dynamics","2"
"2025-07-09","RNA and protein synthesis mechanisms","2"
"2025-07-10","Bacterial Genetics and Biotechnology","1"
"2025-07-10","Genomics and Phylogenetic Studies","1"
"2025-07-10","Protist diversity and phylogeny","1"
"2025-07-11","Bacterial Genetics and Biotechnology","1"
"2025-07-11","Escherichia coli research studies","1"
"2025-07-11","RNA and protein synthesis mechanisms","1"
"2025-07-15","Bacterial Genetics and Biotechnology","3"
"2025-07-15","Bacteriophages and microbial interactions","1"
"2025-07-15","GABA and Rice Research","1"
"2025-07-15","Genomics and Phylogenetic Studies","1"
"2025-07-15","Ion Transport and Channel Regulation","1"
"2025-07-15","Microbial Metabolic Engineering and Bioproduction","1"
"2025-07-15","Nanopore and Nanochannel Transport Studies","1"
"2025-07-17","Bacterial Genetics and Biotechnology","1"
"2025-07-17","CRISPR and Genetic Engineering","1"
"2025-07-17","RNA Interference and Gene Delivery","1"
"2025-07-18","Bacterial Genetics and Biotechnology","1"
"2025-07-18","Genomics and Phylogenetic Studies","1"
"2025-07-18","Streptococcal Infections and Treatments","1"
"2025-07-19","Bacterial Genetics and Biotechnology","1"
"2025-07-19","Bacteriophages and microbial interactions","1"
"2025-07-19","Enzyme Structure and Function","1"
"2025-07-20","Antibiotic Resistance in Bacteria","1"
"2025-07-20","Bacterial Genetics and Biotechnology","1"
"2025-07-20","Bacteriophages and microbial interactions","1"
"2025-07-22","Antibiotic Resistance in Bacteria","1"
"2025-07-22","Bacterial Genetics and Biotechnology","4"
"2025-07-22","Bacteriophages and microbial interactions","2"
"2025-07-22","Genomics and Phylogenetic Studies","1"
"2025-07-22","Gut microbiota and health","1"
"2025-07-22","Microbial Metabolic Engineering and Bioproduction","1"
"2025-07-22","Probiotics and Fermented Foods","2"
"2025-07-24","Bacterial Genetics and Biotechnology","1"
"2025-07-24","Bacteriophages and microbial interactions","1"
"2025-07-24","RNA and protein synthesis mechanisms","1"
"2025-07-25","Bacterial Genetics and Biotechnology","2"
"2025-07-25","Bacterial biofilms and quorum sensing","1"
"2025-07-25","Escherichia coli research studies","1"
"2025-07-25","Fungal and yeast genetics research","1"
"2025-07-25","Microbial Metabolic Engineering and Bioproduction","1"
"2025-07-26","Bacterial Genetics and Biotechnology","1"
"2025-07-26","Microbial Metabolic Engineering and Bioproduction","1"
"2025-07-26","RNA and protein synthesis mechanisms","1"
"2025-07-28","Bacterial Genetics and Biotechnology","3"
"2025-07-28","Bacteriophages and microbial interactions","1"
"2025-07-28","Enzyme Structure and Function","1"
"2025-07-28","Gene Regulatory Network Analysis","1"
"2025-07-28","Microbial Metabolic Engineering and Bioproduction","1"
"2025-07-28","RNA and protein synthesis mechanisms","1"
"2025-07-28","Vibrio bacteria research studies","1"
"2025-07-29","Bacterial Genetics and Biotechnology","2"
"2025-07-29","Bacterial biofilms and quorum sensing","2"
"2025-07-29","Biochemical and Structural Characterization","1"
"2025-07-29","Lipid Membrane Structure and Behavior","1"
"2025-07-30","Bacterial Genetics and Biotechnology","3"
"2025-07-30","Bacterial biofilms and quorum sensing","1"
"2025-07-30","Bacteriophages and microbial interactions","1"
"2025-07-30","Cellular transport and secretion","1"
"2025-07-30","DNA Repair Mechanisms","1"
"2025-07-30","RNA and protein synthesis mechanisms","2"
"2025-07-31","Antibiotic Resistance in Bacteria","1"
"2025-07-31","Bacterial Genetics and Biotechnology","3"
"2025-07-31","Bacterial biofilms and quorum sensing","1"
"2025-07-31","Bacteriophages and microbial interactions","1"
"2025-07-31","Cancer Research and Treatments","1"
"2025-07-31","Escherichia coli research studies","1"
"2025-07-31","Microbial Metabolic Engineering and Bioproduction","1"
"2025-08-01","Amino Acid Enzymes and Metabolism","1"
"2025-08-01","Bacillus and Francisella bacterial research","1"
"2025-08-01","Bacterial Genetics and Biotechnology","6"
"2025-08-01","Bacterial biofilms and quorum sensing","1"
"2025-08-01","Biochemical and Structural Characterization","1"
"2025-08-01","CRISPR and Genetic Engineering","1"
"2025-08-01","Genomics and Phylogenetic Studies","2"
"2025-08-01","Microbial Metabolic Engineering and Bioproduction","1"
"2025-08-01","RNA and protein synthesis mechanisms","3"
"2025-08-01","thermodynamics and calorimetric analyses","1"
"2025-08-04","Bacterial Genetics and Biotechnology","1"
"2025-08-04","Bacteriophages and microbial interactions","1"
"2025-08-04","Protein Structure and Dynamics","1"
"2025-08-05","ATP Synthase and ATPases Research","1"
"2025-08-05","Bacterial Genetics and Biotechnology","2"
"2025-08-05","Bacterial biofilms and quorum sensing","1"
"2025-08-05","Enzyme Structure and Function","1"
"2025-08-05","Probiotics and Fermented Foods","1"
"2025-08-06","Bacterial Genetics and Biotechnology","4"
"2025-08-06","Bacteriophages and microbial interactions","2"
"2025-08-06","Biochemical and Structural Characterization","1"
"2025-08-06","CRISPR and Genetic Engineering","2"
"2025-08-06","DNA Repair Mechanisms","2"
"2025-08-06","Escherichia coli research studies","1"
"2025-08-07","Antibiotic Resistance in Bacteria","1"
"2025-08-07","Bacterial Genetics and Biotechnology","4"
"2025-08-07","Bacteriophages and microbial interactions","3"
"2025-08-07","CRISPR and Genetic Engineering","1"
"2025-08-07","DNA Repair Mechanisms","1"
"2025-08-07","RNA and protein synthesis mechanisms","2"
"2025-08-08","Antibiotic Resistance in Bacteria","1"
"2025-08-08","Antimicrobial Resistance in Staphylococcus","1"
"2025-08-08","Bacterial Genetics and Biotechnology","4"
"2025-08-08","Bacterial biofilms and quorum sensing","1"
"2025-08-08","Bacteriophages and microbial interactions","1"
"2025-08-08","CRISPR and Genetic Engineering","1"
"2025-08-08","Genomics and Phylogenetic Studies","1"
"2025-08-08","Microbial Community Ecology and Physiology","1"
"2025-08-08","Probiotics and Fermented Foods","1"
"2025-08-10","Bacterial Genetics and Biotechnology","1"
"2025-08-10","Bacterial biofilms and quorum sensing","1"
"2025-08-10","CRISPR and Genetic Engineering","1"
"2025-08-11","Bacterial Genetics and Biotechnology","2"
"2025-08-11","Bacteriophages and microbial interactions","1"
"2025-08-11","Enzyme Production and Characterization","1"
"2025-08-11","Microbial Metabolic Engineering and Bioproduction","1"
"2025-08-11","RNA and protein synthesis mechanisms","1"
"2025-08-12","Antibiotic Resistance in Bacteria","2"
"2025-08-12","Bacterial Genetics and Biotechnology","7"
"2025-08-12","CRISPR and Genetic Engineering","4"
"2025-08-12","Drug Transport and Resistance Mechanisms","1"
"2025-08-12","Enzyme Structure and Function","1"
"2025-08-12","Gene Regulatory Network Analysis","1"
"2025-08-12","Mycobacterium research and diagnosis","2"
"2025-08-13","Bacterial Genetics and Biotechnology","1"
"2025-08-13","Bacteriophages and microbial interactions","1"
"2025-08-13","Genomics and Phylogenetic Studies","1"
"2025-08-14","Bacterial Genetics and Biotechnology","1"
"2025-08-14","Pharmaceutical and Antibiotic Environmental Impacts","1"
"2025-08-14","Trace Elements in Health","1"
"2025-08-15","Bacterial Genetics and Biotechnology","2"
"2025-08-15","Bacteriophages and microbial interactions","1"
"2025-08-15","Genomics and Phylogenetic Studies","1"
"2025-08-15","Probiotics and Fermented Foods","1"
"2025-08-15","RNA and protein synthesis mechanisms","1"
"2025-08-18","Antibiotic Resistance in Bacteria","1"
"2025-08-18","Antimicrobial Peptides and Activities","1"
"2025-08-18","Antimicrobial Resistance in Staphylococcus","1"
"2025-08-18","Bacillus and Francisella bacterial research","1"
"2025-08-18","Bacterial Genetics and Biotechnology","8"
"2025-08-18","Bacterial biofilms and quorum sensing","1"
"2025-08-18","Bacteriophages and microbial interactions","4"
"2025-08-18","Biochemical and Structural Characterization","1"
"2025-08-18","Clostridium difficile and Clostridium perfringens research","1"
"2025-08-18","Protein Structure and Dynamics","1"
"2025-08-18","RNA and protein synthesis mechanisms","3"
"2025-08-18","Vibrio bacteria research studies","1"
"2025-08-19","Antibiotic Resistance in Bacteria","1"
"2025-08-19","Bacterial Genetics and Biotechnology","1"
"2025-08-19","CRISPR and Genetic Engineering","1"
"2025-08-20","Bacterial Genetics and Biotechnology","1"
"2025-08-20","Bacteriophages and microbial interactions","1"
"2025-08-20","RNA and protein synthesis mechanisms","1"
"2025-08-21","Bacterial Genetics and Biotechnology","4"
"2025-08-21","Bacteriophages and microbial interactions","2"
"2025-08-21","DNA Repair Mechanisms","1"
"2025-08-21","Escherichia coli research studies","1"
"2025-08-21","Polyamine Metabolism and Applications","1"
"2025-08-21","Protein Structure and Dynamics","1"
"2025-08-21","Psychedelics and Drug Studies","1"
"2025-08-21","Vibrio bacteria research studies","1"
"2025-08-22","Bacterial Genetics and Biotechnology","1"
"2025-08-22","Genomics and Phylogenetic Studies","1"
"2025-08-22","Microbial Community Ecology and Physiology","1"
"2025-08-26","Bacterial Genetics and Biotechnology","3"
"2025-08-26","Bacterial biofilms and quorum sensing","1"
"2025-08-26","Escherichia coli research studies","1"
"2025-08-26","Fungal and yeast genetics research","1"
"2025-08-26","Microbial Metabolic Engineering and Bioproduction","2"
"2025-08-26","Streptococcal Infections and Treatments","1"
"2025-08-28","Antibiotic Resistance in Bacteria","3"
"2025-08-28","Bacterial Genetics and Biotechnology","6"
"2025-08-28","Bacteriophages and microbial interactions","1"
"2025-08-28","Biochemical and Molecular Research","1"
"2025-08-28","Enzyme Structure and Function","1"
"2025-08-28","Escherichia coli research studies","1"
"2025-08-28","Microbial Metabolic Engineering and Bioproduction","1"
"2025-08-28","Probiotics and Fermented Foods","2"
"2025-08-29","Bacterial Genetics and Biotechnology","1"
"2025-08-29","Cancer Research and Treatments","1"
"2025-08-29","Enzyme Structure and Function","1"
"2025-08-30","Bacterial Genetics and Biotechnology","2"
"2025-08-30","Bacteriophages and microbial interactions","2"
"2025-08-30","Escherichia coli research studies","1"
"2025-08-30","Microbial Metabolic Engineering and Bioproduction","1"
